Chandigarh|Chandigarh|Dhanas|Dhanas|160014
Chandigarh|Chandigarh|Dhanas|Dhanas|160014
Chandigarh|Chandigarh|Kaimbwala|Kambwala|160011
Chandigarh|Chandigarh|Dhanas|Dhanas|160014
Chandigarh|Chandigarh|Kaimbwala|Kambwala|160011
Chandigarh|Chandigarh|Raipur Kalan Makhan Majra|Raipur Kalan|160002
Chandigarh|Chandigarh|Dhanas|Dhanas|160014
Chandigarh|Chandigarh|Kaimbwala|Kambwala|160011
Chandigarh|Chandigarh|Raipur Kalan Makhan Majra|Raipur Kalan|160002
Chandigarh|Chandigarh|Raipur Khurd|Raipur Khurd|160003
Chandigarh|Chandigarh|Dhanas|Dhanas|160014
Chandigarh|Chandigarh|Kaimbwala|Kambwala|160011
Chandigarh|Chandigarh|Raipur Kalan Makhan Majra|Raipur Kalan|160002
Chandigarh|Chandigarh|Raipur Khurd|Raipur Khurd|160003
Chandigarh|Chandigarh|Sarangpur|Sarangpur|160014