Dadra & Nagar Haveli|Dadra & Nagar Haveli|Ambabari|Kauncha|396230
Dadra & Nagar Haveli|Dadra & Nagar Haveli|Amboli|Amboli|396230
Dadra & Nagar Haveli|Dadra & Nagar Haveli|Apti|Surangi|396240
Dadra & Nagar Haveli|Dadra & Nagar Haveli|Athal|Kharadpada|396235
Dadra & Nagar Haveli|Dadra & Nagar Haveli|Athola|Samarvani|396230
Dadra & Nagar Haveli|Dadra & Nagar Haveli|Bedpa|Sindoni|396230
Dadra & Nagar Haveli|Dadra & Nagar Haveli|Bensda|Sindoni|396230
Dadra & Nagar Haveli|Dadra & Nagar Haveli|Bildhari|Kauncha|396230
Dadra & Nagar Haveli|Dadra & Nagar Haveli|Bindrabin|Amboli|396230
Dadra & Nagar Haveli|Dadra & Nagar Haveli|Bonta|Randha|396230
Dadra & Nagar Haveli|Dadra & Nagar Haveli|Chauda|Khanvel|396230
Dadra & Nagar Haveli|Dadra & Nagar Haveli|Chikhali|Surangi|396240
Dadra & Nagar Haveli|Dadra & Nagar Haveli|Chinchpada|Dapada|396240
Dadra & Nagar Haveli|Dadra & Nagar Haveli|Chinsda|Mandoni|396230
Dadra & Nagar Haveli|Dadra & Nagar Haveli|Dapada|Dapada|396240
Dadra & Nagar Haveli|Dadra & Nagar Haveli|Demani|Dadra|396193
Dadra & Nagar Haveli|Dadra & Nagar Haveli|Dhapsa|Naroli|396235
Dadra & Nagar Haveli|Dadra & Nagar Haveli|Dolara|Kherdi|396230
Dadra & Nagar Haveli|Dadra & Nagar Haveli|Dudhani|Dudhani|396230
Dadra & Nagar Haveli|Dadra & Nagar Haveli|Falandi|Dadra & Nagar Haveli|466.41 hectares
Dadra & Nagar Haveli|Dadra & Nagar Haveli|Galonda|Dadra & Nagar Haveli|852.65 hectares
Dadra & Nagar Haveli|Dadra & Nagar Haveli|Ghodbari|Kauncha|396230
Dadra & Nagar Haveli|Dadra & Nagar Haveli|Goratpada|Rudana|396230
Dadra & Nagar Haveli|Dadra & Nagar Haveli|Gunsa|Kauncha|396230
Dadra & Nagar Haveli|Dadra & Nagar Haveli|Jamalpada|Kauncha|396230
Dadra & Nagar Haveli|Dadra & Nagar Haveli|Kala|Kherdi|396230
Dadra & Nagar Haveli|Dadra & Nagar Haveli|Kanadi|Kharadpada|396235
Dadra & Nagar Haveli|Dadra & Nagar Haveli|Karachgam|Kherdi|396230
Dadra & Nagar Haveli|Dadra & Nagar Haveli|Karad|Rakholi|396230
Dadra & Nagar Haveli|Dadra & Nagar Haveli|Karchond|Dudhani|396230
Dadra & Nagar Haveli|Dadra & Nagar Haveli|Kauncha|Kauncha|396230
Dadra & Nagar Haveli|Dadra & Nagar Haveli|Khadoli|Amboli|396230
Dadra & Nagar Haveli|Dadra & Nagar Haveli|Khanvel|Khanvel|396230
Dadra & Nagar Haveli|Dadra & Nagar Haveli|Kharadpada|Kharadpada|396235
Dadra & Nagar Haveli|Dadra & Nagar Haveli|Khedpa|Sindoni|396230
Dadra & Nagar Haveli|Dadra & Nagar Haveli|Kherarbari|Kauncha|396230
Dadra & Nagar Haveli|Dadra & Nagar Haveli|Kherdi|Kherdi|396230
Dadra & Nagar Haveli|Dadra & Nagar Haveli|Khutali|Khanvel|396230
Dadra & Nagar Haveli|Dadra & Nagar Haveli|Kilavani|Kilvani|396230
Dadra & Nagar Haveli|Dadra & Nagar Haveli|Kothar|Kauncha|396230
Dadra & Nagar Haveli|Dadra & Nagar Haveli|Kudacha|Masat|396230
Dadra & Nagar Haveli|Dadra & Nagar Haveli|Luhari|Kharadpada|396235
Dadra & Nagar Haveli|Dadra & Nagar Haveli|Mandoni|Mandoni|396230
Dadra & Nagar Haveli|Dadra & Nagar Haveli|Medha|Kauncha|396230
Dadra & Nagar Haveli|Dadra & Nagar Haveli|Morkhal|Randha|396230
Dadra & Nagar Haveli|Dadra & Nagar Haveli|Mota Randha|Randha|396230
Dadra & Nagar Haveli|Dadra & Nagar Haveli|Nana Randha|Randha|396230
Dadra & Nagar Haveli|Dadra & Nagar Haveli|Parzai|Kherdi|396230
Dadra & Nagar Haveli|Dadra & Nagar Haveli|Pati|Dapada|396240
Dadra & Nagar Haveli|Dadra & Nagar Haveli|Rudana|Rudana|396230
Dadra & Nagar Haveli|Dadra & Nagar Haveli|Saily|Sayli|396230
Dadra & Nagar Haveli|Dadra & Nagar Haveli|Shelti|Rudana|396230
Dadra & Nagar Haveli|Dadra & Nagar Haveli|Sili|Kilvani|396230
Dadra & Nagar Haveli|Dadra & Nagar Haveli|Sindoni|Sindoni|396230
Dadra & Nagar Haveli|Dadra & Nagar Haveli|Surangi|Surangi|396240
Dadra & Nagar Haveli|Dadra & Nagar Haveli|Talavali|Khanvel|396230
Dadra & Nagar Haveli|Dadra & Nagar Haveli|Tighra|Dadra|396193
Dadra & Nagar Haveli|Dadra & Nagar Haveli|Tinoda|Amboli|396230
Dadra & Nagar Haveli|Dadra & Nagar Haveli|Umarkui|Dadra & Nagar Haveli|2388.05 hectares
Dadra & Nagar Haveli|Dadra & Nagar Haveli|Umbervarni|Khanvel|396230
Dadra & Nagar Haveli|Dadra & Nagar Haveli|Vaghchauda|Kauncha|396230
Dadra & Nagar Haveli|Dadra & Nagar Haveli|Vaghchhipa|Samarvani|396230
Dadra & Nagar Haveli|Dadra & Nagar Haveli|Vansda|Mandoni|396230
Dadra & Nagar Haveli|Dadra & Nagar Haveli|Vasona|Dapada|396240
Dadra & Nagar Haveli|Dadra & Nagar Haveli|Velugam|Amboli|396230
