daman-&-diu|Daman|Daman|Bhamati|Daman|52.59 hectares
daman-&-diu|Daman|Daman|Damanwada|Damanwada|396220
daman-&-diu|Daman|Daman|Deva Pardi|Pariyari|396220
daman-&-diu|Daman|Daman|Devka|Marwad|396210
daman-&-diu|Daman|Daman|Dholar|Daman|81.6 hectares
daman-&-diu|Daman|Daman|Jampore|Daman|115.8 hectares
daman-&-diu|Daman|Daman|Janivankad|Bhimpore|396210
daman-&-diu|Daman|Daman|Magarwada|Daman|659.18 hectares
daman-&-diu|Daman|Daman|Naila Pardi|Daman|29.9 hectares
daman-&-diu|Daman|Daman|Palhit|Damanwada|396220
daman-&-diu|Daman|Daman|Pariari|Daman|115.45 hectares
daman-&-diu|Daman|Daman|Ringanwada|Dabhel|396210
daman-&-diu|Daman|Daman|Thana Pardi|Magarwada|396220
daman-&-diu|Daman|Daman|Varkund|Daman|264.62 hectares
daman-&-diu|Daman|Daman|Zari|Daman|93.97 hectares
daman-&-diu|Diu|Diu|Bhucharvada|Bucharwada|362571
daman-&-diu|Diu|Diu|Saudwadi|Saudwadi|362570
daman-&-diu|Diu|Diu|Vanakbara|Vanakbara|362570
daman-&-diu|Diu|Diu|Zolawadi|Zolawadi|362571
