Ajmer|Ajmer|Ajaysar|Ajaysar (अजयसर)|Rajasthan
Ajmer|Ajmer|Akhri|Akhri (आखरी)|Rajasthan
Ajmer|Ajmer|Amba Maseena|Amba Maseena (अम्बा मसीना)|Rajasthan
Ajmer|Ajmer|Aradka|Aradka (अरडका)|Rajasthan
Ajmer|Ajmer|Babayacha|Babayacha (बबाइचा)|Rajasthan
Ajmer|Ajmer|Badiya Ka Bala|Badiya Ka Bala (बढिया का बला)|Rajasthan
Ajmer|Ajmer|Baghpura|Baghpura (बाघपुरा)|Rajasthan
Ajmer|Ajmer|Balwanta|Balwanta (बलवन्ता)|Rajasthan
Ajmer|Ajmer|Banseli|Banseli (बांसेली)|Rajasthan
Ajmer|Ajmer|Bargaon|Bargaon (बडगांव)|Rajasthan
Ajmer|Ajmer|Beer|Beer (बीर)|Rajasthan
Ajmer|Ajmer|Bhanwta|Bhanwta (भांवता)|Rajasthan
Ajmer|Ajmer|Bhawani Khera|Bhawani Khera (भवानीखेडा)|Rajasthan
Ajmer|Ajmer|Bhoodol|Bhoodol (भूडोंल)|Rajasthan
Ajmer|Ajmer|Bubani|Bubani (बुबानी)|Rajasthan
Ajmer|Ajmer|Chachiyawas|Chachiyawas (चाचियावास)|Rajasthan
Ajmer|Ajmer|Chandiyawas|Chandiyawas (चांदियावास)|Rajasthan
Ajmer|Ajmer|Chawandiya|Chawandiya (चावण्डिया)|Rajasthan
Ajmer|Ajmer|Chhatri|Chhatri (छातडी)|Rajasthan
Ajmer|Ajmer|Danta|Danta (दंता)|305023
Ajmer|Ajmer|Daurai|Daurai (दौराई)|Rajasthan
Ajmer|Ajmer|Dedula|Dedula (देदुला)|Rajasthan
Ajmer|Ajmer|Deo Nagar|Deo Nagar (देवनगर)|Rajasthan
Ajmer|Ajmer|Doomara|Doomara (डूमाडा)|Rajasthan
