sikkim|East District|Gangtok|Aritar|Simik Lingzey|737134
sikkim|East District|Gangtok|Assam|Assam Lingzey|737135
sikkim|East District|Gangtok|Barbing|Rey Mendu|737101
sikkim|East District|Gangtok|Beng|Khamdong|737134
sikkim|East District|Gangtok|Bhusuk|Bhusuk Naitam|737101
sikkim|East District|Gangtok|Budang Thangsing|Khamdong|737134
sikkim|East District|Gangtok|Byang|Byeng Phegyong|737134
sikkim|East District|Gangtok|Central Pendam|Central Pendam|737132
sikkim|East District|Gangtok|Chadey|Simik Lingzey|737134
sikkim|East District|Gangtok|Chinze|Rawatey Rumtek|737135
sikkim|East District|Gangtok|Chisopani|Sirwani Chisopani|737106
sikkim|East District|Gangtok|Chuba|Namli|737135
sikkim|East District|Gangtok|Dung Dung|Dung Dung Thasa|737134
sikkim|East District|Gangtok|Gangtok Forest Block|Kyongnosla|737101
sikkim|East District|Gangtok|Gnathang|Kyongnosla|737101
sikkim|East District|Gangtok|Gnathang Forest Block|Gnathang|N/A
sikkim|East District|Gangtok|Kambal|Samdong Kambel|737107
sikkim|East District|Gangtok|Khamdong|Khamdong|737134
sikkim|East District|Gangtok|Kyongnosla Forest Block|Kyongnosla|737101
sikkim|East District|Gangtok|Lingdok|Lingdok Nampong|737101
sikkim|East District|Gangtok|Lingdum|Rey Mendu|737101
sikkim|East District|Gangtok|Lingzey|Simik Lingzey|737138
sikkim|East District|Gangtok|Luing|Luing Parbing|737101
sikkim|East District|Gangtok|Mangthang|Sumin Lingzey|737134
sikkim|East District|Gangtok|Martam|Martam Nazitam|737135
sikkim|East District|Gangtok|Naitam|Bhusuk Naitam|737101
sikkim|East District|Gangtok|Namgeythang|Sirwani Chisopani|737134
sikkim|East District|Gangtok|Namin|Samlik Marchak|737135
sikkim|East District|Gangtok|Namli|Namli|737135
sikkim|East District|Gangtok|Namok|Bhusuk Naitam|737101
sikkim|East District|Gangtok|Nampong|Lingdok Nampong|737101
sikkim|East District|Gangtok|Nandok|Nandok Saramsa|737135
sikkim|East District|Gangtok|Navey|Navey Shotak|737101
sikkim|East District|Gangtok|Nazitam|Martam Nazitam|737134
sikkim|East District|Gangtok|Pam|Samlik Marchak|737101
sikkim|East District|Gangtok|Pangthang Forest Block|Lingdok Nampong|737101
sikkim|East District|Gangtok|Parbing|Luing Parbing|737101
sikkim|East District|Gangtok|Patuk|Patuk Singbel|737138
sikkim|East District|Gangtok|Penlong|Navey Shotak|737101
sikkim|East District|Gangtok|Phengyong|Byeng Phegyong|737134
sikkim|East District|Gangtok|Rakdong|Rakdong Tintek|737107
sikkim|East District|Gangtok|Raley Khese|Samdong Kambel|737107
sikkim|East District|Gangtok|Rangpo Forest Block|Central Pendam|737134
sikkim|East District|Gangtok|Ranipool Forest Block|Namli|N/A
sikkim|East District|Gangtok|Ranka|Ranka|737101
sikkim|East District|Gangtok|Rapdang|Sirwani Chisopani|737106
sikkim|East District|Gangtok|Rawate Rumtek|Rawatey Rumtek|737135
sikkim|East District|Gangtok|Rey|Rey Mendu|737135
sikkim|East District|Gangtok|Rongyek|Rongay Tathangchen|737101
sikkim|East District|Gangtok|Rumtek Forest Block|Rawatey Rumtek|N/A
sikkim|East District|Gangtok|Sajong|Rawatey Rumtek|737132
sikkim|East District|Gangtok|Sakyong|Sirwani Chisopani|737134
sikkim|East District|Gangtok|Samdong|Samdong Kambel|737102
sikkim|East District|Gangtok|Samlik Marchak|Samlik Marchak|737135
sikkim|East District|Gangtok|Sang Forest Block|Byeng Phegyong|N/A
sikkim|East District|Gangtok|Sangtong|Ranka|737101
sikkim|East District|Gangtok|Sherwani|Sirwani Chisopani|737134
sikkim|East District|Gangtok|Shotak|Navey Shotak|737101
sikkim|East District|Gangtok|Shyagyong Rumtek|Rawatey Rumtek|737135
sikkim|East District|Gangtok|Simik|Simik Lingzey|737134
sikkim|East District|Gangtok|Singbel|Patuk Singbel|737134
sikkim|East District|Gangtok|Singtam Forest Block|Sirwani Chisopani|737132
sikkim|East District|Gangtok|Sumen|Sumin Lingzey|737134
sikkim|East District|Gangtok|Syari|Kopibari Syari|737102
sikkim|East District|Gangtok|Tathangchen|Rongay Tathangchen|737101
sikkim|East District|Gangtok|Temphyak Mendu|Rey Mendu|737135
sikkim|East District|Gangtok|Tintek|Rakdong Tintek|737107
sikkim|East District|Gangtok|Tirkutam|Byeng Phegyong|737134
sikkim|East District|Gangtok|Tshalumthang|Chalamthang Pacheykhani|737106
sikkim|East District|Gangtok|Tumen|Tumin|737134
sikkim|East District|Gangtok|Tumen Forest Block|Tumin|N/A
sikkim|East District|Gangtok|Tumlabung|Namli|737135
sikkim|East District|Gangtok|West Pendam|West Pendam|737134
sikkim|East District|Pakyong|Aho|Aho Yangtam|737135
sikkim|East District|Pakyong|Amba|Amba|737133
sikkim|East District|Pakyong|Assam Lingzey Forest Block|Assam Lingzey|N/A
sikkim|East District|Pakyong|Biring|Bering Tareythang|737106
sikkim|East District|Pakyong|Changey Senti|Aho Yangtam|737106
sikkim|East District|Pakyong|Chhota Singtam|Aho Yangtam|737135
sikkim|East District|Pakyong|Chochenpheri|Latuk Chuchenpheri|737131
sikkim|East District|Pakyong|Dikling|Taza|737106
sikkim|East District|Pakyong|East Pendam|East Pendam|737132
sikkim|East District|Pakyong|Kamarey Bhasmey|East Pendam|737132
sikkim|East District|Pakyong|Kartok|Pakyong|737106
sikkim|East District|Pakyong|Latuk|Latuk Chuchenpheri|737131
sikkim|East District|Pakyong|Linkey|Thekabong Parkha|737106
sikkim|East District|Pakyong|Losing|Chalamthang Pacheykhani|737133
sikkim|East District|Pakyong|Machong|Riwa Machong|737131
sikkim|East District|Pakyong|Namcheybung|Namcheybong|737106
sikkim|East District|Pakyong|Pachak|Budang Kamerey|737132
sikkim|East District|Pakyong|Pachey|Pachey Samsing|737106
sikkim|East District|Pakyong|Pacheykhani|Chalamthang Pacheykhani|737106
sikkim|East District|Pakyong|Pakyong Forest Block|Pakyong|737131
sikkim|East District|Pakyong|Parkha|Thekabong Parkha|737131
sikkim|East District|Pakyong|Pathing Forest Block|Latuk Chuchenpheri|N/A
sikkim|East District|Pakyong|Riwa|Riwa Machong|737131
sikkim|East District|Pakyong|Tarethang|Bering Tareythang|737106
sikkim|East District|Pakyong|Taza|Taza|737133
sikkim|East District|Pakyong|Thekabung|Thekabong Parkha|737133
sikkim|East District|Pakyong|Tsalumthang|Byeng Phegyong|737106
sikkim|East District|Pakyong|Yangtam|Aho Yangtam|737135
sikkim|East District|Rongli|Aritar|Aritar|737133
sikkim|East District|Rongli|Changeylakha|Rongli Chengeylakha|737131
sikkim|East District|Rongli|Chujachen|Chujachen|737131
sikkim|East District|Rongli|Dholepchen|Dolepchen|737131
sikkim|East District|Rongli|Lamaten|Rolep Lamaten|737131
sikkim|East District|Rongli|Lingtam|Lingtam Phadamchen|737131
sikkim|East District|Rongli|Mulukey|Sudunglakha|737133
sikkim|East District|Rongli|North Rhegoh|Regoh|737131
sikkim|East District|Rongli|Phadamchen|Lingtam Phadamchen|737131
sikkim|East District|Rongli|Phadamchen Forest Block|Lingtam Phadamchen|N/A
sikkim|East District|Rongli|Premlakha|Premlakha Subaneydara|737131
sikkim|East District|Rongli|Rhenock Forest Block|Rhenock|N/A
sikkim|East District|Rongli|Rolep|Rolep Lamaten|737131
sikkim|East District|Rongli|Rongli Forest Block|Rongli Chengeylakha|737133
sikkim|East District|Rongli|Singaneybas|Premlakha Subaneydara|737131
sikkim|East District|Rongli|South Rhegoh|Regoh|737131
sikkim|East District|Rongli|Subanedara|Premlakha Subaneydara|737131
sikkim|East District|Rongli|Sudunglakha|Sudunglakha|737133
sikkim|East District|Rongli|Tarpin|Tarpin|737133
sikkim|North District|Chungthang|Chungthang|Chungthang|737111
sikkim|North District|Chungthang|Lachen|Lachen Dzumsa|737113
sikkim|North District|Chungthang|Lachen Forest Block|Lachen Dzumsa|737113
sikkim|North District|Chungthang|Lachung|Lachung Dzumsa|737113
sikkim|North District|Chungthang|Lachung Forest Block|Lachung Dzumsa|737113
sikkim|North District|Chungthang|Shipgyer|Shipgyer|737111
sikkim|North District|Chungthang|Thangu Forest Block|Lachen Dzumsa|737113
sikkim|North District|Chungthang|Tshungthang Forest Block|Chalamthang Pacheykhani|N/A
sikkim|North District|Chungthang|Tung|Toong Naga|737113
sikkim|North District|Mangan|Barfok|Barfok Lingdong|737111
sikkim|North District|Mangan|Chawang|Men Rongong|737113
sikkim|North District|Mangan|Gnon Samdong|Hee Gyathang|737111
sikkim|North District|Mangan|Gor|Lum Gor Sangtok|737111
sikkim|North District|Mangan|Hee Gyathang|Hee Gyathang|737111
sikkim|North District|Mangan|Kabi|Kabi Tingda|737113
sikkim|North District|Mangan|Kabi Forest Block|Kabi Tingda|737113
sikkim|North District|Mangan|Kazor|Singhik|737113
sikkim|North District|Mangan|L Mangshila|Mangshila Tibuk|737111
sikkim|North District|Mangan|Labi|Phensang|737113
sikkim|North District|Mangan|Lingdem|Lingthem Lingdem|737113
sikkim|North District|Mangan|Lingdong|Barfok Lingdong|737111
sikkim|North District|Mangan|Lingthem|Passingdang Saffo|737113
sikkim|North District|Mangan|Lingzah Tolung|Sakyong Pentong|737113
sikkim|North District|Mangan|Lower Dzongu Forest Block|Lum Gor Sangtok|N/A
sikkim|North District|Mangan|Lum|Lum Gor Sangtok|737111
sikkim|North District|Mangan|Mangan Forest Block|Ringhim Nampatam|737113
sikkim|North District|Mangan|Men Rongong|Men Rongong|737113
sikkim|North District|Mangan|Meyong|Toong Naga|737113
sikkim|North District|Mangan|Naga Forest Block|Toong Naga|737113
sikkim|North District|Mangan|Naga Namgor|Toong Naga|737113
sikkim|North District|Mangan|Namok|Namok Swayem|737111
sikkim|North District|Mangan|Nampatam|Ringhim Nampatam|737111
sikkim|North District|Mangan|Pakshep|Singhik|737113
sikkim|North District|Mangan|Paney Phensong|Phensang|737113
sikkim|North District|Mangan|Phamtam|Men Rongong|737113
sikkim|North District|Mangan|Phodong|Rongong Tumlong|737111
sikkim|North District|Mangan|Phodong Forest Block|Rongong Tumlong|737113
sikkim|North District|Mangan|Ramthamg|Ramthang Tanyak|737111
sikkim|North District|Mangan|Ringhim|Ringhim Nampatam|737111
sikkim|North District|Mangan|Rongong|Rongong Tumlong|737111
sikkim|North District|Mangan|Sakyong Pentong|Sakyong Pentong|737113
sikkim|North District|Mangan|Salim Pakel|Passingdang Saffo|737113
sikkim|North District|Mangan|Sangtok|Lum Gor Sangtok|737111
sikkim|North District|Mangan|Sentam|Singhik|737113
sikkim|North District|Mangan|Sheyam|Namok Swayem|737111
sikkim|North District|Mangan|Singchit|Toong Naga|737113
sikkim|North District|Mangan|Singhik|Ringhim Nampatam|737111
sikkim|North District|Mangan|Tangyek|Ramthang Tanyak|737111
sikkim|North District|Mangan|Tingbong|Tingvong|737113
sikkim|North District|Mangan|Tingchim|Tingchim Chadey|737111
sikkim|North District|Mangan|Tingda|Kabi Tingda|737113
sikkim|North District|Mangan|Tumlong|Rongong Tumlong|737111
sikkim|North District|Mangan|U Mangshila|Mangshila Tibuk|737111
sikkim|North District|Mangan|Upper Dzongu Forest Block|Sakyong Pentong|N/A
sikkim|North District|Mangan|Zimchung|Tingchim Chadey|737111
sikkim|South District|Namchi|Aifaltar|Temi|737134
sikkim|South District|Namchi|Assangthang|Assangthang|737126
sikkim|South District|Namchi|Barnyak|Barnayak Tokal|737134
sikkim|South District|Namchi|Bikmat|Tangzi Bikmat|737128
sikkim|South District|Namchi|Bomtar|Mikkhola Boomtar|737126
sikkim|South District|Namchi|Bul|Rong Bul|737126
sikkim|South District|Namchi|Burul|Rameng Nizrameng|737126
sikkim|South District|Namchi|Chemchey|Damthang|737126
sikkim|South District|Namchi|Chisopani|Tinik Chisopani|737126
sikkim|South District|Namchi|Chuba|Chuba Phong|737126
sikkim|South District|Namchi|Chumlok|Wok Omchu|737126
sikkim|South District|Namchi|Damthang|Damthang|737126
sikkim|South District|Namchi|Denchung|Poklok Denchung|737126
sikkim|South District|Namchi|Dhargaon|Salghari|737126
sikkim|South District|Namchi|Donok|Turung Mamring|737132
sikkim|South District|Namchi|Doring|Namphing|737134
sikkim|South District|Namchi|Dorop|Salghari|737126
sikkim|South District|Namchi|Gangchung|Temi|737134
sikkim|South District|Namchi|Gom|Sorok Shyampani|737121
sikkim|South District|Namchi|Jaubari|Damthang|737126
sikkim|South District|Namchi|Jorethang Forest Block|Tinik Chisopani|N/A
sikkim|South District|Namchi|Kabrey|Nagi Karek|737132
sikkim|South District|Namchi|Kamarey|Lungchok Kamarey|737128
sikkim|South District|Namchi|Kamrang|Mamley Kamrang|737126
sikkim|South District|Namchi|Kanamtek|Namthang Maneydara|737132
sikkim|South District|Namchi|Karek|Nagi Karek|737132
sikkim|South District|Namchi|Kartickey|Sumbuk Kartikey|737128
sikkim|South District|Namchi|Kateng Bokrang|Kateng Pamphok|737132
sikkim|South District|Namchi|Kerabari|Mellidara Paiyong|737128
sikkim|South District|Namchi|Kitam|Kitam Manpur|737126
sikkim|South District|Namchi|Kopchey|Mikkhola Boomtar|737126
sikkim|South District|Namchi|Longchok|Lungchok Kamarey|737128
sikkim|South District|Namchi|Majhitar Forest Block|West Pendam|737121
sikkim|South District|Namchi|Mamley|Mamley Kamrang|737126
sikkim|South District|Namchi|Mamring|Turung Mamring|737132
sikkim|South District|Namchi|Mamring Forest Block|Turung Mamring|737132
sikkim|South District|Namchi|Maneydara|Namthang Maneydara|737132
sikkim|South District|Namchi|Maniram|Maniram Phalidara|737126
sikkim|South District|Namchi|Manpur|Kitam Manpur|737126
sikkim|South District|Namchi|Melli|Mellidara Paiyong|737128
sikkim|South District|Namchi|Melli Forest Block|Mellidara Paiyong|737128
sikkim|South District|Namchi|Mellidara|Mellidara Paiyong|737128
sikkim|South District|Namchi|Mikkhola|Mikkhola Boomtar|737126
sikkim|South District|Namchi|Nagi|Nagi Karek|737132
sikkim|South District|Namchi|Nalam Kolbong|Namthang Maneydara|737132
sikkim|South District|Namchi|Namchi Forest Block|Mamley Kamrang|N/A
sikkim|South District|Namchi|Namphing|Namphing|737134
sikkim|South District|Namchi|Namthang Forest Block|Namthang Maneydara|N/A
sikkim|South District|Namchi|Nijarmeng|Rameng Nizrameng|737126
sikkim|South District|Namchi|Omchu|Wok Omchu|737126
sikkim|South District|Namchi|Pabong|Tingrithang|737126
sikkim|South District|Namchi|Paiyong|Mellidara Paiyong|737128
sikkim|South District|Namchi|Pajer|Tingrithang|737126
sikkim|South District|Namchi|Paleytam|Namthang Maneydara|737132
sikkim|South District|Namchi|Palum|Rong Bul|737126
sikkim|South District|Namchi|Pamphok|Kateng Pamphok|737132
sikkim|South District|Namchi|Panchgharey|Turuk Ramabung|737128
sikkim|South District|Namchi|Parbing|Perbing Dovan|737126
sikkim|South District|Namchi|Passi|Rateypani|737128
sikkim|South District|Namchi|Phalidara|Maniram Phalidara|737126
sikkim|South District|Namchi|Phong|Chuba Phong|737132
sikkim|South District|Namchi|Poklok|Poklok Denchung|737126
sikkim|South District|Namchi|Rabikhola|Tangzi Bikmat|737126
sikkim|South District|Namchi|Rabitar|Sadam Suntoley|737128
sikkim|South District|Namchi|Ramabong|Turuk Ramabung|737128
sikkim|South District|Namchi|Rameng|Rameng Nizrameng|737126
sikkim|South District|Namchi|Rashyap|Namphing|737134
sikkim|South District|Namchi|Rateypani|Rateypani|737128
sikkim|South District|Namchi|Rong|Rong Bul|737126
sikkim|South District|Namchi|Sadam|Sadam Suntoley|737128
sikkim|South District|Namchi|Saleumbong|Mikkhola Boomtar|737126
sikkim|South District|Namchi|Salghari|Salghari|737126
sikkim|South District|Namchi|Sangbung|Assangthang|737121
sikkim|South District|Namchi|Shyampani|Sorok Shyampani|737121
sikkim|South District|Namchi|Singhithang|Mikkhola Boomtar|737126
sikkim|South District|Namchi|Singtam|Rong Bul|737126
sikkim|South District|Namchi|Sorok|Sorok Shyampani|737126
sikkim|South District|Namchi|Sukrabarey|Sadam Suntoley|737128
sikkim|South District|Namchi|Sumbuk|Sumbuk Kartikey|737128
sikkim|South District|Namchi|Suntaley|Sumbuk Kartikey|737128
sikkim|South District|Namchi|Tanak|Tarku|737134
sikkim|South District|Namchi|Tangji|Tangzi Bikmat|737128
sikkim|South District|Namchi|Tarku|Tarku|737134
sikkim|South District|Namchi|Temi|Temi|737134
sikkim|South District|Namchi|Temi Forest Block|Temi|N/A
sikkim|South District|Namchi|Temi Tea Estate|Temi|737134
sikkim|South District|Namchi|Thangsing|Barnayak Tokal|737134
sikkim|South District|Namchi|Tingrithang|Tingrithang|737126
sikkim|South District|Namchi|Tinik|Tinik Chisopani|737126
sikkim|South District|Namchi|Tinzer|Mamley Kamrang|737126
sikkim|South District|Namchi|Tokal|Barnayak Tokal|737134
sikkim|South District|Namchi|Tokdey|Barnayak Tokal|737134
sikkim|South District|Namchi|Tsalumthang|Chalamthang Pacheykhani|737106
sikkim|South District|Namchi|Turuk|Turuk Ramabung|737128
sikkim|South District|Namchi|Turung|Turung Mamring|737132
sikkim|South District|Namchi|Wak|Wok Omchu|737126
sikkim|South District|Ravong|Bakkhim|Kewzing Bakhim|737139
sikkim|South District|Ravong|Barfung|Barfung Zarung|737139
sikkim|South District|Ravong|Ben|Ben Namprik|737139
sikkim|South District|Ravong|Brong|Borong Phamthang|737139
sikkim|South District|Ravong|Dalep|Kewzing Bakhim|737139
sikkim|South District|Ravong|Deu|Ben Namprik|737139
sikkim|South District|Ravong|Deythang|Barfung Zarung|737139
sikkim|South District|Ravong|Gagyong|Sripatam Gagyong|737134
sikkim|South District|Ravong|Hingdam|Lamting Tingmo|737111
sikkim|South District|Ravong|Kau|Paiyong|737134
sikkim|South District|Ravong|Kewzing|Kewzing Bakhim|737139
sikkim|South District|Ravong|Kewzing Forest Block|Kewzing Bakhim|N/A
sikkim|South District|Ravong|Kolthang|Kolthang Tokday|737134
sikkim|South District|Ravong|Lamting|Lamting Tingmo|737111
sikkim|South District|Ravong|Likship|Legship|737111
sikkim|South District|Ravong|Lingdong|Ralong Namlung|737139
sikkim|South District|Ravong|Lingi|Lingi|737134
sikkim|South District|Ravong|Lingmo|Paiyong|737134
sikkim|South District|Ravong|Lingmo Forest Block|Paiyong|N/A
sikkim|South District|Ravong|Lingzo|Kewzing Bakhim|737139
sikkim|South District|Ravong|Lower Paiyong|Paiyong|737128
sikkim|South District|Ravong|Mangbrue|Lamting Tingmo|737111
sikkim|South District|Ravong|Mangzing|Niya Mangzing|737134
sikkim|South District|Ravong|Namlung|Ralong Namlung|737139
sikkim|South District|Ravong|Namphok|Sripatam Gagyong|737134
sikkim|South District|Ravong|Namphrik|Ben Namprik|737139
sikkim|South District|Ravong|Neh Brum|Niya Mangzing|737134
sikkim|South District|Ravong|Pepthang|Paiyong|737134
sikkim|South District|Ravong|Phamthang|Borong Phamthang|737139
sikkim|South District|Ravong|Poley|Borong Phamthang|737139
sikkim|South District|Ravong|Rabongla Forest Block|Ravang Sangmo|737139
sikkim|South District|Ravong|Ralang Forest Block|Ralong Namlung|N/A
sikkim|South District|Ravong|Ralong|Ralong Namlung|737139
sikkim|South District|Ravong|Ralong Monastery|Ralong Namlung|737139
sikkim|South District|Ravong|Rangang|Yangang Rangang|737134
sikkim|South District|Ravong|Ravong|Ravang Sangmo|737139
sikkim|South District|Ravong|Rayong|Tinkitam Rayong|737126
sikkim|South District|Ravong|Sada|Borong Phamthang|737139
sikkim|South District|Ravong|Sanghanath|Sanganath|737121
sikkim|South District|Ravong|Sangmo|Ravang Sangmo|737139
sikkim|South District|Ravong|Satam|Yangang Rangang|737134
sikkim|South District|Ravong|Sokpay|Lingi|737134
sikkim|South District|Ravong|Sripatam|Sripatam Gagyong|737134
sikkim|South District|Ravong|Tingmo|Lamting Tingmo|737139
sikkim|South District|Ravong|Tinkitam|Tinkitam Rayong|737126
sikkim|South District|Ravong|Tokday|Kolthang Tokday|737134
sikkim|South District|Ravong|Upper Paiyong|Paiyong|737128
sikkim|South District|Ravong|Yangyang|Yangang Rangang|737134
sikkim|South District|Ravong|Yangyang Forest Block|Yangang Rangang|N/A
sikkim|South District|Ravong|Zarung|Barfung Zarung|737139
sikkim|West District|Gyalshing|Arithang|Arithang Chongrong|737111
sikkim|West District|Gyalshing|Bangten|Bongten Sapong|737113
sikkim|West District|Gyalshing|Barnyak|Bermiok Barthang|737113
sikkim|West District|Gyalshing|Barphok|Chingthang|737111
sikkim|West District|Gyalshing|Barthang|Bermiok Barthang|737113
sikkim|West District|Gyalshing|Begha|Dentam|737113
sikkim|West District|Gyalshing|Bernyak Forest Block|Bermiok Barthang|N/A
sikkim|West District|Gyalshing|Bhaluthang|Yangten|737111
sikkim|West District|Gyalshing|Chingthang|Chingthang|737111
sikkim|West District|Gyalshing|Chongpung|Singyang Chumbung|737113
sikkim|West District|Gyalshing|Chongrang|Arithang Chongrong|737111
sikkim|West District|Gyalshing|Darap|Darap|737113
sikkim|West District|Gyalshing|Dentam|Dentam|737113
sikkim|West District|Gyalshing|Dentam Forest Block|Dentam|N/A
sikkim|West District|Gyalshing|Dhupidara|Dhupidara Narkhola|737111
sikkim|West District|Gyalshing|Dubdi|Yuksom|737113
sikkim|West District|Gyalshing|Gangyep|Tashiding|737111
sikkim|West District|Gyalshing|Gerethang|Gerethang|737111
sikkim|West District|Gyalshing|Gyalshing|Gyalshing Omchung|737111
sikkim|West District|Gyalshing|Gyalshing Forest Block|Gyalshing Omchung|737111
sikkim|West District|Gyalshing|Gyaten|Karmatar Gitang|737113
sikkim|West District|Gyalshing|Hee|Hee|737113
sikkim|West District|Gyalshing|Hee Patal|Pecherek Hee Patal|737113
sikkim|West District|Gyalshing|Karmatar|Karmatar Gitang|737113
sikkim|West District|Gyalshing|Khachodpalri|Thingling Khacheoperi|737113
sikkim|West District|Gyalshing|Khachodpalri Forest Block|Thingling Khacheoperi|N/A
sikkim|West District|Gyalshing|Kongri|Kongri Labdang|737111
sikkim|West District|Gyalshing|Kyonsda|Yangthang|737111
sikkim|West District|Gyalshing|Labdang|Kongri Labdang|737111
sikkim|West District|Gyalshing|Labing|Gerethang|737111
sikkim|West District|Gyalshing|Laso|Tashiding|737111
sikkim|West District|Gyalshing|Legship Forest Block|Legship|737111
sikkim|West District|Gyalshing|Liching|Karmatar Gitang|737113
sikkim|West District|Gyalshing|Lingchom|Lingchom Tikjya|737111
sikkim|West District|Gyalshing|Lungzik|Sardung Lungzik|737111
sikkim|West District|Gyalshing|Maneybung|Maneybung Sopakha|737113
sikkim|West District|Gyalshing|Mangmo|Dentam|737113
sikkim|West District|Gyalshing|Mangnam|Karzi Mangnam|737111
sikkim|West District|Gyalshing|Martam|Martam|737113
sikkim|West District|Gyalshing|Meli|Meliaching|737113
sikkim|West District|Gyalshing|Meliaching|Meliaching|737113
sikkim|West District|Gyalshing|Mengyong|Chingthang|737111
sikkim|West District|Gyalshing|Miyong|Chingthang|737111
sikkim|West District|Gyalshing|Naku|Singyang Chumbung|737113
sikkim|West District|Gyalshing|Nambu|Darap|737113
sikkim|West District|Gyalshing|Narkhola|Dhupidara Narkhola|737111
sikkim|West District|Gyalshing|Pecherek|Pecherek Hee Patal|737113
sikkim|West District|Gyalshing|Pelling Forest Blocks|Singyang Chumbung|N/A
sikkim|West District|Gyalshing|Pemayangtse Monastery|Singyang Chumbung|737113
sikkim|West District|Gyalshing|Radukhandu|Sangkhu Radukhandu|737113
sikkim|West District|Gyalshing|Sangkhu|Sangkhu Radukhandu|737113
sikkim|West District|Gyalshing|Sapong|Bongten Sapong|737113
sikkim|West District|Gyalshing|Sardong|Sardung Lungzik|737111
sikkim|West District|Gyalshing|Sindrang|Singyang Chumbung|737113
sikkim|West District|Gyalshing|Singlitam|Meliaching|737113
sikkim|West District|Gyalshing|Singrangpung|Darap|737113
sikkim|West District|Gyalshing|Singyang|Singyang Chumbung|737113
sikkim|West District|Gyalshing|Sopakha|Maneybung Sopakha|737113
sikkim|West District|Gyalshing|Srinagi|Bongten Sapong|737113
sikkim|West District|Gyalshing|Tashiding|Tashiding|737111
sikkim|West District|Gyalshing|Tashiding Forest Block|Tashiding|737111
sikkim|West District|Gyalshing|Tikjya|Lingchom Tikjya|737111
sikkim|West District|Gyalshing|Tingbrum|Meliaching|737113
sikkim|West District|Gyalshing|Tingle I|Thingling Khacheoperi|737113
sikkim|West District|Gyalshing|Tingle Ii|Thingling Khacheoperi|737113
sikkim|West District|Gyalshing|Topung|Meliaching|737113
sikkim|West District|Gyalshing|Tsozo|Thingling Khacheoperi|737113
sikkim|West District|Gyalshing|Umchung|Gyalshing Omchung|737111
sikkim|West District|Gyalshing|Unglok|Yangten|737111
sikkim|West District|Gyalshing|Yangten|Yangten|737111
sikkim|West District|Gyalshing|Yangthang|Yangthang|737111
sikkim|West District|Gyalshing|Yuksam|Yuksom|737113
sikkim|West District|Gyalshing|Yuksam Forest Block|Yuksom|N/A
sikkim|West District|Soreng|Aroobotey|Chota Samdong Arubotey|737121
sikkim|West District|Soreng|Bara Samdong|Samdong|737111
sikkim|West District|Soreng|Bhareng|Ribdi Bhareng|737121
sikkim|West District|Soreng|Bum|Samdong|737111
sikkim|West District|Soreng|Burikhop|Burikhop|737121
sikkim|West District|Soreng|Chakung|Chakung|737121
sikkim|West District|Soreng|Chota Samdong|Chota Samdong Arubotey|737121
sikkim|West District|Soreng|Chuchen|Takothang|737121
sikkim|West District|Soreng|Chumbong|Chumbong|737121
sikkim|West District|Soreng|Deythang|Deythang|737121
sikkim|West District|Soreng|Dhalam|Lower Fambong|737121
sikkim|West District|Soreng|Geling|Samsing Gelling|737121
sikkim|West District|Soreng|Hathidunga|Sangadorji|737111
sikkim|West District|Soreng|Hilley Forest Block|Okhrey|737121
sikkim|West District|Soreng|Jeel|Sangadorji|737111
sikkim|West District|Soreng|Kamling|Suldung Kamling|737121
sikkim|West District|Soreng|Karthok|Karthok Bojek|737121
sikkim|West District|Soreng|Khanisherbung|Khaniserbong Suntoley|737121
sikkim|West District|Soreng|Longchok|Lungchok Salyangdang|737121
sikkim|West District|Soreng|Lower Fambong|Lower Fambong|737121
sikkim|West District|Soreng|Mabong|Mabong Segeng|737121
sikkim|West District|Soreng|Malbasey|Malbasay|737121
sikkim|West District|Soreng|Mendo Goan|Mendogaon Berbotey|737121
sikkim|West District|Soreng|Nayabazar Forest Block|Zoom|737121
sikkim|West District|Soreng|Okhery|Okhrey|737121
sikkim|West District|Soreng|Parrengaon|Deythang|737121
sikkim|West District|Soreng|Ribdi|Ribdi Bhareng|737121
sikkim|West District|Soreng|Rinchenpong|Tadong Rinchenpong|737111
sikkim|West District|Soreng|Rishi|Samdong|737111
sikkim|West District|Soreng|Rumbuk|Rumbuk|737121
sikkim|West District|Soreng|Salyangdang|Lungchok Salyangdang|737121
sikkim|West District|Soreng|Samsing|Samsing Gelling|737121
sikkim|West District|Soreng|Sangadorji|Sangadorji|737111
sikkim|West District|Soreng|Segeng|Mabong Segeng|737121
sikkim|West District|Soreng|Siktam|Siktam Tikpur|737121
sikkim|West District|Soreng|Singling|Singling|737121
sikkim|West District|Soreng|Sombaria Forest Block|Burikhop|737121
sikkim|West District|Soreng|Soreng|Soreng|737121
sikkim|West District|Soreng|Soreng Forest Block|Soreng|737121
sikkim|West District|Soreng|Sribadam|Samdong|737111
sikkim|West District|Soreng|Sribadam Forest Block|Samdong|N/A
sikkim|West District|Soreng|Suldung|Suldung Kamling|737121
sikkim|West District|Soreng|Suntaley|Khaniserbong Suntoley|737121
sikkim|West District|Soreng|Tadong|Tadong Rinchenpong|737113
sikkim|West District|Soreng|Takuthang|Takothang|737121
sikkim|West District|Soreng|Tharpu|Tharpu|737121
sikkim|West District|Soreng|Tikpur|Siktam Tikpur|737121
sikkim|West District|Soreng|Timberbong|Timburbong|737121
sikkim|West District|Soreng|Tinzerbong|Suldung Kamling|737121
sikkim|West District|Soreng|Upper Fambong|Upper Thambong|737121
sikkim|West District|Soreng|Zoom|Zoom|737121
