sikkim|Dhalai|Ambassa|Auliraipara|Ambassa|712 hectares
sikkim|Dhalai|Ambassa|Bagmara|Ambassa|1381 hectares
sikkim|Dhalai|Ambassa|Balaram|Ambassa|678 hectares
sikkim|Dhalai|Ambassa|Baluchhara|Ambassa|2340 hectares
sikkim|Dhalai|Ambassa|Batabari|Kekmachera|799289
sikkim|Dhalai|Ambassa|Chakmapara|Ambassa|1752 hectares
sikkim|Dhalai|Ambassa|Dangamapara|Kekmachera|799289
sikkim|Dhalai|Ambassa|Ganganagar|Ambassa|1510 hectares
sikkim|Dhalai|Ambassa|Gangaprasadpara|North Kachucherra|799289
sikkim|Dhalai|Ambassa|Gurudhanpara|Ambassa|2072 hectares
sikkim|Dhalai|Ambassa|Harimangalpara|Ambassa|1530 hectares
sikkim|Dhalai|Ambassa|Jagannathpur|Ambassa|582 hectares
sikkim|Dhalai|Ambassa|Kamalachhara|Ambassa|493 hectares
sikkim|Dhalai|Ambassa|Kanchanpur|Ambassa|60.97 hectares
sikkim|Dhalai|Ambassa|Karmapara|Ambassa|1061 hectares
sikkim|Dhalai|Ambassa|Karnamanipara|Ambassa|550 hectares
sikkim|Dhalai|Ambassa|Kathalbari|Ambassa|1189 hectares
sikkim|Dhalai|Ambassa|Khamupara|West Lalchari|799289
sikkim|Dhalai|Ambassa|Khowaipara|Ambassa|902 hectares
sikkim|Dhalai|Ambassa|Kulai|Kulai|799204
sikkim|Dhalai|Ambassa|Kulai R F|Basudeb Para|799289
sikkim|Dhalai|Ambassa|Lalchhara|West Lalchari|799289
sikkim|Dhalai|Ambassa|Lalchhari|Ambassa|785 hectares
sikkim|Dhalai|Ambassa|Paschim Nalichhara|Ambassa|1487 hectares
sikkim|Dhalai|Ambassa|Purba Nalichhara|West Balaram|799204
sikkim|Dhalai|Ambassa|Pustaraipara|Ambassa|1693 hectares
sikkim|Dhalai|Ambassa|Radharambari|Ambassa|608 hectares
sikkim|Dhalai|Ambassa|Raipasa|Ambassa|288 hectares
sikkim|Dhalai|Ambassa|Sardinkhapara|Ambassa|1350 hectares
sikkim|Dhalai|Ambassa|Satbhaiyapara|Ambassa|1188 hectares
sikkim|Dhalai|Ambassa|Siddhapara|Ambassa|2652 hectares
sikkim|Dhalai|Ambassa|Sikaribari|Ambassa|2073 hectares
sikkim|Dhalai|Ambassa|Tetaiya|Ambassa|2914 hectares
sikkim|Dhalai|Ambassa|Ulemchhara|Ambassa|3240 hectares
sikkim|Dhalai|Chhamanu|Central Catchment R F|Chhamanu|22270 hectares
sikkim|Dhalai|Chhamanu|Dakshin Longtarai|Chhamanu|918 hectares
sikkim|Dhalai|Chhamanu|Debchhara|Chhamanu|1122 hectares
sikkim|Dhalai|Chhamanu|Durgachhara|Chhamanu|836 hectares
sikkim|Dhalai|Chhamanu|Joychandra Para|Chhamanu|560 hectares
sikkim|Dhalai|Chhamanu|Makarchhara|Chhamanu|117 hectares
sikkim|Dhalai|Chhamanu|Manikpur|Chhamanu|320 hectares
sikkim|Dhalai|Chhamanu|Manu Chhailengta R F|Chhamanu|11799.5 hectares
sikkim|Dhalai|Chhamanu|Paschim Chhamanu|Chhamanu|1037 hectares
sikkim|Dhalai|Chhamanu|Purba Chhamanu|Chhamanu|2238 hectares
sikkim|Dhalai|Chhamanu|Sadhujan Para|Chhamanu|1572 hectares
sikkim|Dhalai|Chhamanu|Sonapur|Chhamanu|993 hectares
sikkim|Dhalai|Chhamanu|Uttar Longtarai|Chhamanu|665 hectares
sikkim|Dhalai|Dumburnagar|Barabari|Dumburnagar|1595 hectares
sikkim|Dhalai|Dumburnagar|Bhagirath Para|Dumburnagar|792 hectares
sikkim|Dhalai|Dumburnagar|Birchandranagar|Dumburnagar|1493 hectares
sikkim|Dhalai|Dumburnagar|Boalkhali|Dumburnagar|1566 hectares
sikkim|Dhalai|Dumburnagar|Bulongbasa|Dumburnagar|1128 hectares
sikkim|Dhalai|Dumburnagar|Chitrajhari|Dumburnagar|1333 hectares
sikkim|Dhalai|Dumburnagar|Dalapatipara|Dumburnagar|1361 hectares
sikkim|Dhalai|Dumburnagar|Dhalajhari|Dumburnagar|1048 hectares
sikkim|Dhalai|Dumburnagar|Jagabandhupara|Dumburnagar|1516 hectares
sikkim|Dhalai|Dumburnagar|Jarulchhara|Dumburnagar|1282 hectares
sikkim|Dhalai|Dumburnagar|Jinaraipara|Dumburnagar|1483 hectares
sikkim|Dhalai|Dumburnagar|Joyrampur|Dumburnagar|1411 hectares
sikkim|Dhalai|Dumburnagar|Kamalakhal|Dumburnagar|1239 hectares
sikkim|Dhalai|Dumburnagar|Kamalasram|Dumburnagar|1185 hectares
sikkim|Dhalai|Dumburnagar|Khederkot|Dumburnagar|587 hectares
sikkim|Dhalai|Dumburnagar|Laxmipur|Dumburnagar|1730 hectares
sikkim|Dhalai|Dumburnagar|Malyansingh|Dumburnagar|1300 hectares
sikkim|Dhalai|Dumburnagar|Paschim Gandachhara|Dumburnagar|1264 hectares
sikkim|Dhalai|Dumburnagar|Paschim Kalyansingh|Dumburnagar|619 hectares
sikkim|Dhalai|Dumburnagar|Paschim Potachhara|Dumburnagar|1474 hectares
sikkim|Dhalai|Dumburnagar|Paschim Raima|Dumburnagar|1501 hectares
sikkim|Dhalai|Dumburnagar|Purba Gandachhara|Dumburnagar|954 hectares
sikkim|Dhalai|Dumburnagar|Purba Kalajhari R F|Dumburnagar|9526 hectares
sikkim|Dhalai|Dumburnagar|Purba Kalyansingh|Dumburnagar|872 hectares
sikkim|Dhalai|Dumburnagar|Purba Potachhara|Dumburnagar|1129 hectares
sikkim|Dhalai|Dumburnagar|Purba Raima|Dumburnagar|2120 hectares
sikkim|Dhalai|Dumburnagar|Ramnagar|Dumburnagar|1304 hectares
sikkim|Dhalai|Dumburnagar|Ranipukur|Dumburnagar|986 hectares
sikkim|Dhalai|Dumburnagar|Ratan Nagar|Dumburnagar|1138 hectares
sikkim|Dhalai|Dumburnagar|Sardong|Dumburnagar|1257 hectares
sikkim|Dhalai|Dumburnagar|Sarma|Dumburnagar|1255 hectares
sikkim|Dhalai|Dumburnagar|Sipasingh|Dumburnagar|1238 hectares
sikkim|Dhalai|Dumburnagar|Sukraichhara|Dumburnagar|1204 hectares
sikkim|Dhalai|Dumburnagar|Thakurchhara|Dumburnagar|1355 hectares
sikkim|Dhalai|Dumburnagar|Tuichama|Dumburnagar|1226 hectares
sikkim|Dhalai|Dumburnagar|Ultachhara|Dumburnagar|1151 hectares
sikkim|Dhalai|Dumburnagar|Uttaraipara|Dumburnagar|1060 hectares
sikkim|Dhalai|Manu|Chailengta|Manu|557 hectares
sikkim|Dhalai|Manu|Dakshin Dhumachhara|Manu|822 hectares
sikkim|Dhalai|Manu|Demchhara|Manu|1091 hectares
sikkim|Dhalai|Manu|Deo Reserve Forest|Manu|344 hectares
sikkim|Dhalai|Manu|Gainarma|Manu|378 hectares
sikkim|Dhalai|Manu|Ghagrachhara|Manu|1229 hectares
sikkim|Dhalai|Manu|Jamirchhara|Manu|108 hectares
sikkim|Dhalai|Manu|Jarulchhara|Manu|856 hectares
sikkim|Dhalai|Manu|Kanchanchhara|Manu|1385 hectares
sikkim|Dhalai|Manu|Karatichhara|Manu|1262 hectares
sikkim|Dhalai|Manu|Kathalchhara|Manu|1074 hectares
sikkim|Dhalai|Manu|Lalchhara|Manu|1218 hectares
sikkim|Dhalai|Manu|Longtarai R F|Manu|9179 hectares
sikkim|Dhalai|Manu|Mainama|Manu|1081 hectares
sikkim|Dhalai|Manu|Manu Chhailengta R F|Manu|11799.5 hectares
sikkim|Dhalai|Manu|Nalkata|Manu|1377 hectares
sikkim|Dhalai|Manu|Paschim Karamchhara|Manu|1165 hectares
sikkim|Dhalai|Manu|Paschim Masli|Manu|827 hectares
sikkim|Dhalai|Manu|Purba Karamchhara|Manu|421 hectares
sikkim|Dhalai|Manu|Purba Masli|Manu|1504 hectares
sikkim|Dhalai|Manu|Ultachhara|Manu|1317 hectares
sikkim|Dhalai|Manu|Uttar Dhumachhara|Manu|474 hectares
sikkim|Dhalai|Salema|Abhanga|Santirbazar|799286
sikkim|Dhalai|Salema|Apareshkar|Salema|699 hectares
sikkim|Dhalai|Salema|Bamanchhara|West Kuchainala|799286
sikkim|Dhalai|Salema|Baralutma|Baralutma|799286
sikkim|Dhalai|Salema|Barasurma|Maracherra|799286
sikkim|Dhalai|Salema|Bishnupur|Mayachari|799286
sikkim|Dhalai|Salema|Chankap|Chankap|799286
sikkim|Dhalai|Salema|Chhetrai|Salema|574 hectares
sikkim|Dhalai|Salema|Chotasurma|Choto Surma|799285
sikkim|Dhalai|Salema|Chulubari|Chulubari|799286
sikkim|Dhalai|Salema|Dab Bari|Dabbari|799278
sikkim|Dhalai|Salema|Dakshin Bilashchhara|South Kalachari|799278
sikkim|Dhalai|Salema|Darang Tilla|Salema|157 hectares
sikkim|Dhalai|Salema|Debichhara|Debicherra|799286
sikkim|Dhalai|Salema|Duraichhara|Duraishib Bari|799287
sikkim|Dhalai|Salema|Ganganagar|Mohanpur|799289
sikkim|Dhalai|Salema|Halahali|Halhali|799286
sikkim|Dhalai|Salema|Halhuli|Halhuli|799286
sikkim|Dhalai|Salema|Harerkhola|Harerkhola|799286
sikkim|Dhalai|Salema|Jamthumbari|Salema|466 hectares
sikkim|Dhalai|Salema|Kachuchhara|Salema|1181 hectares
sikkim|Dhalai|Salema|Katalutma|Salema|1596 hectares
sikkim|Dhalai|Salema|Kuchainala|Kuchainala|799286
sikkim|Dhalai|Salema|Lambuchhara|East Lamboochara|799286
sikkim|Dhalai|Salema|Latiachhara|Salema|1769 hectares
sikkim|Dhalai|Salema|Longtarai R F|Salema|3068 hectares
sikkim|Dhalai|Salema|Mahabir|Mahabir|799286
sikkim|Dhalai|Salema|Maharani|Salema|256 hectares
sikkim|Dhalai|Salema|Manik Bhandar|Manikbhandar|799287
sikkim|Dhalai|Salema|Marachhara|Maracherra|799285
sikkim|Dhalai|Salema|Mayachhari|Mayachari|799286
sikkim|Dhalai|Salema|Mendi|Salema|1815 hectares
sikkim|Dhalai|Salema|Michhuria|Mechuria|799278
sikkim|Dhalai|Salema|Mohanpur|Mohanpur|799285
sikkim|Dhalai|Salema|Mothirmia|Kuchainala|799286
sikkim|Dhalai|Salema|Nakful|Salema|246 hectares
sikkim|Dhalai|Salema|Noagaon|Noagaon|799285
sikkim|Dhalai|Salema|Panbua|Salema|1247 hectares
sikkim|Dhalai|Salema|Panchasi|Halhuli|799286
sikkim|Dhalai|Salema|Paschim Daluchhara|West Dalucherra|799278
sikkim|Dhalai|Salema|Purba Daluchhara|East Dalucherra|799278
sikkim|Dhalai|Salema|Salema|Singinala|799278
sikkim|Dhalai|Salema|Simbuchak|Salema|1142 hectares
sikkim|Dhalai|Salema|Srirampur|Salema|1073 hectares
sikkim|Dhalai|Salema|Uttar Bilashchhara|Bilashcherra|799278
sikkim|North Tripura|Damchhara|Bangsul|Damchhara|1095 hectares
sikkim|North Tripura|Damchhara|Damchhara|Damchhara|1336 hectares
sikkim|North Tripura|Damchhara|Damchhara R F|Damchhara|6024 hectares
sikkim|North Tripura|Damchhara|Indurail|Damchhara|1336 hectares
sikkim|North Tripura|Damchhara|Juri R F|Damchhara|3604 hectares
sikkim|North Tripura|Damchhara|Kacharichhara|Damchhara|1386 hectares
sikkim|North Tripura|Damchhara|Kalagang|Damchhara|506 hectares
sikkim|North Tripura|Damchhara|Khedachhara|Damchhara|1729 hectares
sikkim|North Tripura|Damchhara|Narendranagar|Damchhara|639 hectares
sikkim|North Tripura|Damchhara|Piplachhara|Damchhara|2216 hectares
sikkim|North Tripura|Damchhara|Rahumchhara|Damchhara|774 hectares
sikkim|North Tripura|Dasda|Belianchief|Dasda|1305 hectares
sikkim|North Tripura|Dasda|Central Catchment R F|Dasda|395 hectares
sikkim|North Tripura|Dasda|Chandipur|Dasda|1323 hectares
sikkim|North Tripura|Dasda|Dasda Laxmipur|Dasda|1730 hectares
sikkim|North Tripura|Dasda|Dasmanipara|Dasda|1385 hectares
sikkim|North Tripura|Dasda|Gachirampara|Dasda|2405 hectares
sikkim|North Tripura|Dasda|Jamraipara|Dasda|1812 hectares
sikkim|North Tripura|Dasda|Jayantipara|Dasda|490 hectares
sikkim|North Tripura|Dasda|Kalapania|Kalapania|799271
sikkim|North Tripura|Dasda|Kamarmara|Dasda|683 hectares
sikkim|North Tripura|Dasda|Kanchanchhara|Dasda|1563 hectares
sikkim|North Tripura|Dasda|Laljuri|Dasda|321.5 hectares
sikkim|North Tripura|Dasda|Lambachhara|North Lembucherra|799271
sikkim|North Tripura|Dasda|Manu Chailengta R F|Dasda|5031 hectares
sikkim|North Tripura|Dasda|Paschim Tlangsanbari|Dasda|866 hectares
sikkim|North Tripura|Dasda|Ramprasaipara|Dasda|831 hectares
sikkim|North Tripura|Dasda|Santipur|Dasda|289 hectares
sikkim|North Tripura|Dasda|Satnala|Dasda|2385 hectares
sikkim|North Tripura|Dasda|Sibnagar|Dasda|543 hectares
sikkim|North Tripura|Dasda|Sunitipur|Dasda|1203 hectares
sikkim|North Tripura|Dasda|Taiyangpara|Dasda|1136 hectares
sikkim|North Tripura|Dasda|Tuichhama|Dasda|1879 hectares
sikkim|North Tripura|Dasda|Ujan Machhmara R F|Dasda|10902 hectares
sikkim|North Tripura|Gournagar|Bhagaban Nagar|Bhagaban Nagar|799279
sikkim|North Tripura|Gournagar|Bilashpur|Bilashpur|799280
sikkim|North Tripura|Gournagar|Birchandranagar|Birchandra Nagar|799280
sikkim|North Tripura|Gournagar|Chandipur|Manu Valley|799277
sikkim|North Tripura|Gournagar|Chhantail|Chantail|799279
sikkim|North Tripura|Gournagar|Debasthal|Gournagar|383 hectares
sikkim|North Tripura|Gournagar|Deorachhara|Gournagar|551 hectares
sikkim|North Tripura|Gournagar|Dhaliarkandi|Yeajakhowra|799281
sikkim|North Tripura|Gournagar|Dhanbilash|Dhanbilash|799280
sikkim|North Tripura|Gournagar|Dhatuchhara|Gournagar|665 hectares
sikkim|North Tripura|Gournagar|Fultali|Fultali|799280
sikkim|North Tripura|Gournagar|Golakpur|Gournagar|1732 hectares
sikkim|North Tripura|Gournagar|Gournagar|Gournagar|N/A
sikkim|North Tripura|Gournagar|Guldharpur|Goldharpur|799279
sikkim|North Tripura|Gournagar|Halaichhara|Sorojini|799277
sikkim|North Tripura|Gournagar|Hirachhara|Gournagar|624 hectares
sikkim|North Tripura|Gournagar|Ichabpur|Ichabpur|799277
sikkim|North Tripura|Gournagar|Irani|Khowrabil|799281
sikkim|North Tripura|Gournagar|Jalai|Jalai|799260
sikkim|North Tripura|Gournagar|Jarultali|Jarultali|799280
sikkim|North Tripura|Gournagar|Jubarajnagar|Srinathpur|799281
sikkim|North Tripura|Gournagar|Kamarangabari|Gournagar|799279
sikkim|North Tripura|Gournagar|Kanakpur|Noorpur|799277
sikkim|North Tripura|Gournagar|Kaulikura|Kaulikura|799280
sikkim|North Tripura|Gournagar|Khowrabil|Maguruli|799281
sikkim|North Tripura|Gournagar|Latiapur|Rangauti|799281
sikkim|North Tripura|Gournagar|Laxmipur|Laxmipur|799281
sikkim|North Tripura|Gournagar|Manu Valley|Manu Valley|799277
sikkim|North Tripura|Gournagar|Murtichhara|Murticherra|799277
sikkim|North Tripura|Gournagar|Pakhirbada|Ichabpur|799277
sikkim|North Tripura|Gournagar|Rangauti|Rangauti|799281
sikkim|North Tripura|Gournagar|Rangrung|Rangrung|799277
sikkim|North Tripura|Gournagar|Samaruhala R F|Gournagar|934 hectares
sikkim|North Tripura|Gournagar|Samrurpar|Samrurpar|799277
sikkim|North Tripura|Gournagar|Sonamukhi|Jalai|799280
sikkim|North Tripura|Gournagar|Srinathpur|Srinathpur|799281
sikkim|North Tripura|Gournagar|Srirampur|Srirampur|799279
sikkim|North Tripura|Gournagar|Tilagaon|Tillagaon|799281
sikkim|North Tripura|Gournagar|Uttar Unakuti R F|Gournagar|2805 hectares
sikkim|North Tripura|Jampuii hills|Banglabari|Jampuii Hills|856 hectares
sikkim|North Tripura|Jampuii hills|Belianchief|Jampuii Hills|1305 hectares
sikkim|North Tripura|Jampuii hills|Bhangmun|Jampuii Hills|2263 hectares
sikkim|North Tripura|Jampuii hills|Central Catchment R F|Jampuii Hills|19131 hectares
sikkim|North Tripura|Jampuii hills|Kalagang|Jampuii Hills|505 hectares
sikkim|North Tripura|Jampuii hills|Paschim Manpai|Jampuii Hills|1839 hectares
sikkim|North Tripura|Jampuii hills|Paschim Tlangsangbari|Jampuii Hills|866 hectares
sikkim|North Tripura|Jampuii hills|Purba Manpai|Jampuii Hills|1159 hectares
sikkim|North Tripura|Jampuii hills|Sabual|Jampuii Hills|747 hectares
sikkim|North Tripura|Jampuii hills|Sailo|Jampuii Hills|1465 hectares
sikkim|North Tripura|Jampuii hills|Simblong|Jampuii Hills|2293 hectares
sikkim|North Tripura|Jampuii hills|Tlakchi|Jampuii Hills|1945 hectares
sikkim|North Tripura|Kadamtala|Baruakandi|Sakaibari|799251
sikkim|North Tripura|Kadamtala|Bhagyapur|Bhagyapur|799251
sikkim|North Tripura|Kadamtala|Bishnupur|Bishnupur|799251
sikkim|North Tripura|Kadamtala|Brajendranagar|Sarala|799261
sikkim|North Tripura|Kadamtala|Chandpur|Laxminagar|799277
sikkim|North Tripura|Kadamtala|Churaibari|North Fulbari|799262
sikkim|North Tripura|Kadamtala|Hurua|South Hurua|799251
sikkim|North Tripura|Kadamtala|Ichailalchhara|West Ichailalcherra|799251
sikkim|North Tripura|Kadamtala|Kadamtala|South Kadamtala|N/A
sikkim|North Tripura|Kadamtala|Kurti|Rajnagar|799263
sikkim|North Tripura|Kadamtala|Laxminagar|Laxminagar|799251
sikkim|North Tripura|Kadamtala|Maheshpur|Kadamtala|367 hectares
sikkim|North Tripura|Kadamtala|Piarachhara|Tarakpur|799261
sikkim|North Tripura|Kadamtala|Pratyekrai|Gobindapur|799251
sikkim|North Tripura|Kadamtala|Ragna|Raghna|799251
sikkim|North Tripura|Kadamtala|Ranibari|Ranibari|799261
sikkim|North Tripura|Kadamtala|Sanichhara|Sanicherra|799262
sikkim|North Tripura|Kadamtala|Sarala|Kadamtala|525 hectares
sikkim|North Tripura|Kadamtala|Saraspur|Saraspur|799261
sikkim|North Tripura|Kadamtala|Satsangam|Satsangam|799261
sikkim|North Tripura|Kumarghat|Betchhara|East Ratacherra|799264
sikkim|North Tripura|Kumarghat|Dakshin Unakuti R F|Kumarghat|1688 hectares
sikkim|North Tripura|Kumarghat|Dengdung|Kumarghat|1295 hectares
sikkim|North Tripura|Kumarghat|Deo Reserve Forest|Kumarghat|2923 hectares
sikkim|North Tripura|Kumarghat|Dudhpur|Ujandudpur|799288
sikkim|North Tripura|Kumarghat|Gakulnagar|Gakulnagar|799290
sikkim|North Tripura|Kumarghat|Ganganagar|Ganganagar|799290
sikkim|North Tripura|Kumarghat|Jagannathpur|Jagannathpur|799280
sikkim|North Tripura|Kumarghat|Krishnanagar|Krishnanagar|799263
sikkim|North Tripura|Kumarghat|Kumarghat|Kumarghat|324.07 hectares
sikkim|North Tripura|Kumarghat|Laljuri|Laljuri|799270
sikkim|North Tripura|Kumarghat|Masauli|West Masauli|799288
sikkim|North Tripura|Kumarghat|Natingchhara|Kumarghat|178 hectares
sikkim|North Tripura|Kumarghat|Pabiachhara|Sukanta Nagar|799264
sikkim|North Tripura|Kumarghat|Paschim Kanchanbari|West Kanchanbari|799288
sikkim|North Tripura|Kumarghat|Paschim Ratachhara|West Ratacherra|799290
sikkim|North Tripura|Kumarghat|Purba Kanchanbari|East Kanchanbari|799288
sikkim|North Tripura|Kumarghat|Purba Ratachhara|Saidarpar|799290
sikkim|North Tripura|Kumarghat|Radhanagar|Radhanagar|799263
sikkim|North Tripura|Kumarghat|Rajkandi|Kumarghat|1254 hectares
sikkim|North Tripura|Kumarghat|Saidachhara|Kumarghat|1372 hectares
sikkim|North Tripura|Kumarghat|Sonaimuri|Sonaimuri|799280
sikkim|North Tripura|Panisagar|Bagbasa|West Dewanpasa|799253
sikkim|North Tripura|Panisagar|Balidhum|Panisagar|1738 hectares
sikkim|North Tripura|Panisagar|Bilthai|Bilthai|799260
sikkim|North Tripura|Panisagar|Dakshin Padmabil|South Padmabill|799260
sikkim|North Tripura|Panisagar|Deochhara|North Deocherra|799260
sikkim|North Tripura|Panisagar|Dhupirband|Lalcherra|799253
sikkim|North Tripura|Panisagar|Ganganagar|South Ganganagar|799290
sikkim|North Tripura|Panisagar|Indurail|Panisagar|1336 hectares
sikkim|North Tripura|Panisagar|Jalebasa|Jalabasa|799260
sikkim|North Tripura|Panisagar|Jubarajnagar|Jubarajnagar|799254
sikkim|North Tripura|Panisagar|Kameswar|Tangibari|799253
sikkim|North Tripura|Panisagar|Paschim Halflong|Huplong|799254
sikkim|North Tripura|Panisagar|Paschim Tilthai|Panisagar|1365 hectares
sikkim|North Tripura|Panisagar|Pekuchhara|Pekucherra|799260
sikkim|North Tripura|Panisagar|Purba Halflong|Huplong|799254
sikkim|North Tripura|Panisagar|Purba Tilthai|East Tilthai|799260
sikkim|North Tripura|Panisagar|Radhapur|Radhapur|799253
sikkim|North Tripura|Panisagar|Rajnagar|Panisagar|1212 hectares
sikkim|North Tripura|Panisagar|Ramnagar|Ramnagar|799260
sikkim|North Tripura|Panisagar|Roa|Rowa|799260
sikkim|North Tripura|Panisagar|Uptakhali|Uptakhali|799260
sikkim|North Tripura|Panisagar|Uttar Padmabil|West Padmabil|799260
sikkim|North Tripura|Pencharthal|Baghaichhara|Pencharthal|890 hectares
sikkim|North Tripura|Pencharthal|Birchandranagar|Pencharthal|2216 hectares
sikkim|North Tripura|Pencharthal|Dakshin Machmara|Pencharthal|1183 hectares
sikkim|North Tripura|Pencharthal|Deo Reserve Forest|Pencharthal|6189 hectares
sikkim|North Tripura|Pencharthal|Dewanbari|Pencharthal|1657 hectares
sikkim|North Tripura|Pencharthal|Dhanichhara|Pencharthal|747 hectares
sikkim|North Tripura|Pencharthal|Karaichhara|Pencharthal|646 hectares
sikkim|North Tripura|Pencharthal|Lakshmanchhara|Pencharthal|1239 hectares
sikkim|North Tripura|Pencharthal|Laljuri|Pencharthal|321.5 hectares
sikkim|North Tripura|Pencharthal|Nabinchhara|Pencharthal|1044 hectares
sikkim|North Tripura|Pencharthal|Nalkata|Pencharthal|890 hectares
sikkim|North Tripura|Pencharthal|Paschim Andharchhara|Pencharthal|2255 hectares
sikkim|North Tripura|Pencharthal|Pencharthal|Pencharthal|1044 hectares
sikkim|North Tripura|Pencharthal|Purba Andharchhara|Pencharthal|1211 hectares
sikkim|North Tripura|Pencharthal|Rabiraipara|Pencharthal|1358 hectares
sikkim|North Tripura|Pencharthal|Uttar Machmara|Pencharthal|1229 hectares
sikkim|South Tripura|Amarpur|Bampur|Amarpur|1146 hectares
sikkim|South Tripura|Amarpur|Baramura Deotamura R F|Amarpur|5517 hectares
sikkim|South Tripura|Amarpur|Birganj|Amarpur|982 hectares
sikkim|South Tripura|Amarpur|Dalak|Amarpur|622 hectares
sikkim|South Tripura|Amarpur|Deb Bari|Amarpur|721 hectares
sikkim|South Tripura|Amarpur|Gungia|Amarpur|1919 hectares
sikkim|South Tripura|Amarpur|Kurmachhara|Amarpur|531 hectares
sikkim|South Tripura|Amarpur|Nutanbazar|Amarpur|1781 hectares
sikkim|South Tripura|Amarpur|Paharpur|Amarpur|1054 hectares
sikkim|South Tripura|Amarpur|Paschim Daluma|Amarpur|1717 hectares
sikkim|South Tripura|Amarpur|Paschim Kalajari R F|Amarpur|730 hectares
sikkim|South Tripura|Amarpur|Paschim Malbasa|Amarpur|1245 hectares
sikkim|South Tripura|Amarpur|Paschim Sarbang|Amarpur|1166 hectares
sikkim|South Tripura|Amarpur|Purba Daluma|Amarpur|1846 hectares
sikkim|South Tripura|Amarpur|Purba Malbasa|Amarpur|911 hectares
sikkim|South Tripura|Amarpur|Purba Sarbang|Amarpur|1105 hectares
sikkim|South Tripura|Amarpur|Rajkang|Amarpur|913 hectares
sikkim|South Tripura|Amarpur|Rangamati|Amarpur|639 hectares
sikkim|South Tripura|Amarpur|Rangkang|Amarpur|1218 hectares
sikkim|South Tripura|Amarpur|Tairbhuma|Amarpur|933 hectares
sikkim|South Tripura|Amarpur|Uttar Chalagang|Amarpur|960 hectares
sikkim|South Tripura|Bokafa|Abhangachhara|Bokafa|1596 hectares
sikkim|South Tripura|Bokafa|Bagafa|Bokafa|262.74 hectares
sikkim|South Tripura|Bokafa|Baikhora|Bokafa|569 hectares
sikkim|South Tripura|Bokafa|Baramura Deotamura R F|Bokafa|12349 hectares
sikkim|South Tripura|Bokafa|Birchandranagar|Bokafa|1108 hectares
sikkim|South Tripura|Bokafa|Birendranagar|Bokafa|878 hectares
sikkim|South Tripura|Bokafa|Chhaigharia|Bokafa|370 hectares
sikkim|South Tripura|Bokafa|Dakshin Barapathary|Bokafa|855 hectares
sikkim|South Tripura|Bokafa|Dakshin Hichachhara|Bokafa|1399 hectares
sikkim|South Tripura|Bokafa|Dakshin Takmachhara|Bokafa|1623 hectares
sikkim|South Tripura|Bokafa|Gardang|Bokafa|791 hectares
sikkim|South Tripura|Bokafa|Jolaibari|Bokafa|1007 hectares
sikkim|South Tripura|Bokafa|Kalalaogang|Bokafa|1516 hectares
sikkim|South Tripura|Bokafa|Kalasi|Bokafa|1323 hectares
sikkim|South Tripura|Bokafa|Laogang|Bokafa|716.93 hectares
sikkim|South Tripura|Bokafa|Laxmichhara|Bokafa|1333 hectares
sikkim|South Tripura|Bokafa|Madhya Pillak|Bokafa|1371 hectares
sikkim|South Tripura|Bokafa|Muhuripur R F|Bokafa|2708 hectares
sikkim|South Tripura|Bokafa|Paschim Charakbai|Bokafa|533 hectares
sikkim|South Tripura|Bokafa|Paschim Kathalia|Bokafa|386.93 hectares
sikkim|South Tripura|Bokafa|Paschim Manu|Bokafa|1258 hectares
sikkim|South Tripura|Bokafa|Paschim Muhuripur|Bokafa|236 hectares
sikkim|South Tripura|Bokafa|Paschim Patichhari|Bokafa|801 hectares
sikkim|South Tripura|Bokafa|Paschim Pillak|Bokafa|639 hectares
sikkim|South Tripura|Bokafa|Purba Charakbai|Swadeshnagar|799144
sikkim|South Tripura|Bokafa|Purba Kathalia|Bokafa|712 hectares
sikkim|South Tripura|Bokafa|Purba Manu|Bokafa|1317 hectares
sikkim|South Tripura|Bokafa|Purba Muhuripur|Bokafa|298 hectares
sikkim|South Tripura|Bokafa|Purba Patichhari|Bokafa|635 hectares
sikkim|South Tripura|Bokafa|Purba Pillak|Bokafa|1475 hectares
sikkim|South Tripura|Bokafa|Radhakishore Ganj|Bokafa|607.94 hectares
sikkim|South Tripura|Bokafa|Raibari|Bokafa|954 hectares
sikkim|South Tripura|Bokafa|Rajapur|Bokafa|708 hectares
sikkim|South Tripura|Bokafa|Santirbazar|Bokafa|52.74 hectares
sikkim|South Tripura|Bokafa|Tairumachhara|Bokafa|1039 hectares
sikkim|South Tripura|Bokafa|Uttar Barapathary|Bokafa|1010 hectares
sikkim|South Tripura|Bokafa|Uttar Debipur|Bokafa|1081 hectares
sikkim|South Tripura|Bokafa|Uttar Hichachhara|Bokafa|1267 hectares
sikkim|South Tripura|Bokafa|Uttar Takmachhara|Bokafa|1037 hectares
sikkim|South Tripura|Hrishyamukh|Abhaynagar|Nalua|799156
sikkim|South Tripura|Hrishyamukh|Bashpadua|Hrishyamukh|1286 hectares
sikkim|South Tripura|Hrishyamukh|Champaknagar|Hrishyamukh|534 hectares
sikkim|South Tripura|Hrishyamukh|Dakshin Sonaichhari|Hrishyamukh|441 hectares
sikkim|South Tripura|Hrishyamukh|Debipur|Hrishyamukh|1497 hectares
sikkim|South Tripura|Hrishyamukh|Haripur|Hrishyamukh|633 hectares
sikkim|South Tripura|Hrishyamukh|Hrishyamukh|Hrishyamukh|1497 hectares
sikkim|South Tripura|Hrishyamukh|Krishnanagar|Hrishyamukh|700 hectares
sikkim|South Tripura|Hrishyamukh|Manirampur|Hrishyamukh|217 hectares
sikkim|South Tripura|Hrishyamukh|Matai|Hrishyamukh|765 hectares
sikkim|South Tripura|Hrishyamukh|Ratanpur|Hrishyamukh|1420 hectares
sikkim|South Tripura|Hrishyamukh|Sarasima|Hrishyamukh|947 hectares
sikkim|South Tripura|Hrishyamukh|Shibpur|Hrishyamukh|241 hectares
sikkim|South Tripura|Hrishyamukh|Tekka R F|Hrishyamukh|2852 hectares
sikkim|South Tripura|Hrishyamukh|Tekka Tulshi R F|Hrishyamukh|540 hectares
sikkim|South Tripura|Hrishyamukh|Tuigamari|Hrishyamukh|205 hectares
sikkim|South Tripura|Hrishyamukh|Uttar Sonaichhari|Hrishyamukh|733 hectares
sikkim|South Tripura|Kakraban|Amtali|West Anandanagar|799105
sikkim|South Tripura|Kakraban|Balurpathar|Kakraban|214 hectares
sikkim|South Tripura|Kakraban|Dhuptali|Kakraban|1078 hectares
sikkim|South Tripura|Kakraban|Dudhpushkarini|Kakraban|718 hectares
sikkim|South Tripura|Kakraban|Gangachhara|Kakraban|412 hectares
sikkim|South Tripura|Kakraban|Garjanmura|Kakraban|384 hectares
sikkim|South Tripura|Kakraban|Garji R F|Kakraban|1734 hectares
sikkim|South Tripura|Kakraban|Hadra|Kakraban|206 hectares
sikkim|South Tripura|Kakraban|Hurijala|Kakraban|710 hectares
sikkim|South Tripura|Kakraban|Jamjuri|Kakraban|254 hectares
sikkim|South Tripura|Kakraban|Jitendranagar|Kakraban|1508 hectares
sikkim|South Tripura|Kakraban|Kakraban|Kakraban|718 hectares
sikkim|South Tripura|Kakraban|Murapara|Kakraban|316 hectares
sikkim|South Tripura|Kakraban|Palatana|Kakraban|664 hectares
sikkim|South Tripura|Kakraban|Rajdharnagar|Kakraban|163 hectares
sikkim|South Tripura|Kakraban|Rani|Kakraban|1258 hectares
sikkim|South Tripura|Kakraban|Samukchhara|Kakraban|656 hectares
sikkim|South Tripura|Kakraban|Silghati|Kakraban|1127 hectares
sikkim|South Tripura|Kakraban|Upendranagar|Kakraban|587 hectares
sikkim|South Tripura|Karbuk|Baramura Deotamura R F|Karbuk|5517 hectares
sikkim|South Tripura|Karbuk|Chakpur|Karbuk|624 hectares
sikkim|South Tripura|Karbuk|Dakshin Chalagang|Karbuk|1212 hectares
sikkim|South Tripura|Karbuk|Dakshin Ekchhari|Karbuk|788 hectares
sikkim|South Tripura|Karbuk|Dakshin Karbuk|Karbuk|838 hectares
sikkim|South Tripura|Karbuk|Ichhachhari|Karbuk|1491 hectares
sikkim|South Tripura|Karbuk|Jarimura|Karbuk|705 hectares
sikkim|South Tripura|Karbuk|Laogang|Karbuk|925 hectares
sikkim|South Tripura|Karbuk|Mukchhari|Karbuk|1432 hectares
sikkim|South Tripura|Karbuk|Paschim Ekchhari|Karbuk|653 hectares
sikkim|South Tripura|Karbuk|Paschim Kalajari R F|Karbuk|730 hectares
sikkim|South Tripura|Karbuk|Paschim Karbuk|Karbuk|1334 hectares
sikkim|South Tripura|Karbuk|Paschim Manikya Dewan|Karbuk|943 hectares
sikkim|South Tripura|Karbuk|Patichhari|Karbuk|1540 hectares
sikkim|South Tripura|Karbuk|Purba Karbuk|Karbuk|1967 hectares
sikkim|South Tripura|Karbuk|Purba Manikya Dewan|Karbuk|1155 hectares
sikkim|South Tripura|Karbuk|Rambhadra|Karbuk|503 hectares
sikkim|South Tripura|Karbuk|Uttar Ekchhari|Karbuk|1359 hectares
sikkim|South Tripura|Killa|Bagma|Killa|870 hectares
sikkim|South Tripura|Killa|Chaimaroa|Killa|1142 hectares
sikkim|South Tripura|Killa|Chharthai|Killa|1454 hectares
sikkim|South Tripura|Killa|Choygharia|Killa|1347 hectares
sikkim|South Tripura|Killa|Dakshin Baramura Deotamura R F|Killa|1342 hectares
sikkim|South Tripura|Killa|Dakshin Brajendranagar|Killa|605 hectares
sikkim|South Tripura|Killa|Kanchigang R F|Killa|3542 hectares
sikkim|South Tripura|Killa|Khupilong|Killa|954 hectares
sikkim|South Tripura|Killa|Killa|Killa|1454 hectares
sikkim|South Tripura|Killa|Laxmipati|Killa|396 hectares
sikkim|South Tripura|Killa|Photamati|Killa|253 hectares
sikkim|South Tripura|Killa|Purba Brajendranagar|Killa|1244 hectares
sikkim|South Tripura|Killa|Raiabari|Killa|429 hectares
sikkim|South Tripura|Killa|Thelakum|Killa|1011 hectares
sikkim|South Tripura|Killa|Uttar Baramura Deotamura R F|Killa|6921 hectares
sikkim|South Tripura|Killa|Uttar Brajendranagar|Killa|1295 hectares
sikkim|South Tripura|Matarbari|Bagabasa|Matarbari|297 hectares
sikkim|South Tripura|Matarbari|Bagma|Matarbari|870 hectares
sikkim|South Tripura|Matarbari|Baishabari|Matarbari|625 hectares
sikkim|South Tripura|Matarbari|Barabhaiya|East Barabaiya|799119
sikkim|South Tripura|Matarbari|Chandrapur R F|Chandrapur Colony|799116
sikkim|South Tripura|Matarbari|Chapiapara|Matarbari|393 hectares
sikkim|South Tripura|Matarbari|Chhataria|Matarbari|254 hectares
sikkim|South Tripura|Matarbari|Dakshin Baramura Debtamura R F|Matarbari|1342 hectares
sikkim|South Tripura|Matarbari|Dakshin Brajendranagar|Matarbari|605 hectares
sikkim|South Tripura|Matarbari|Dakshin Chandrapur|Matarbari|726 hectares
sikkim|South Tripura|Matarbari|Dakshin Maharani|Matarbari|1081 hectares
sikkim|South Tripura|Matarbari|Gandhari|Matarbari|1603 hectares
sikkim|South Tripura|Matarbari|Garji R F|Matarbari|1734 hectares
sikkim|South Tripura|Matarbari|Garjichhara|Matarbari|1762 hectares
sikkim|South Tripura|Matarbari|Hirapur|Matarbari|727 hectares
sikkim|South Tripura|Matarbari|Karaiyamura|Matarbari|554 hectares
sikkim|South Tripura|Matarbari|Khilpara|West Khilpara|799116
sikkim|South Tripura|Matarbari|Khupilong|Matarbari|953 hectares
sikkim|South Tripura|Matarbari|Laxmipati|Matarbari|395 hectares
sikkim|South Tripura|Matarbari|Murapara|Matarbari|317 hectares
sikkim|South Tripura|Matarbari|Paschim Magpushkarini|Matarbari|2023 hectares
sikkim|South Tripura|Matarbari|Photamati|Matarbari|253 hectares
sikkim|South Tripura|Matarbari|Pitra|Matarbari|354 hectares
sikkim|South Tripura|Matarbari|Purba Magpushkarini|Matarbari|704 hectares
sikkim|South Tripura|Matarbari|Radhakishorepur R F|Matarbari|2577 hectares
sikkim|South Tripura|Matarbari|Rajnagar|North Rangamura|799116
sikkim|South Tripura|Matarbari|Salgarha|North Shalgarah|799114
sikkim|South Tripura|Matarbari|Taiharchum|Matarbari|602 hectares
sikkim|South Tripura|Matarbari|Tepania|Matarbari|247 hectares
sikkim|South Tripura|Matarbari|Uttar Chandrapur|Matarbari|321 hectares
sikkim|South Tripura|Matarbari|Uttar Maharani|Matarbari|411 hectares
sikkim|South Tripura|Ompi|Ampichhara|Ompi|532 hectares
sikkim|South Tripura|Ompi|Ampinagar|Ompi|996 hectares
sikkim|South Tripura|Ompi|Baisyamanipara|Ompi|292 hectares
sikkim|South Tripura|Ompi|Chenchua|Ompi|1257 hectares
sikkim|South Tripura|Ompi|Dakshin Chhangong|Ompi|339 hectares
sikkim|South Tripura|Ompi|Dakshin Taidu|Ompi|865 hectares
sikkim|South Tripura|Ompi|Dhanlekha|Ompi|490 hectares
sikkim|South Tripura|Ompi|Ek Janchhara|Ompi|1699 hectares
sikkim|South Tripura|Ompi|Gamaichhara|Ompi|1297 hectares
sikkim|South Tripura|Ompi|Haripur|Ompi|984 hectares
sikkim|South Tripura|Ompi|Jambukchhara|Ompi|1061 hectares
sikkim|South Tripura|Ompi|Kamlaipara|Ompi|259 hectares
sikkim|South Tripura|Ompi|Melchhi|Ompi|911 hectares
sikkim|South Tripura|Ompi|Palkuchhara|Ompi|1193 hectares
sikkim|South Tripura|Ompi|Paschim Taichhlong|Ompi|801 hectares
sikkim|South Tripura|Ompi|Purba Taichhlong|Ompi|1118 hectares
sikkim|South Tripura|Ompi|Sonachhara|Ompi|1222 hectares
sikkim|South Tripura|Ompi|Taidudepha|Ompi|1015 hectares
